at_pdt,trace_id,period,outcome,decision,hard_call,labeled_in_seconds_total
11:48,6711ec88b020f7d5cfcffe31b967b98d,shared_whole_day,report_ending_in_no_reply,unsure,y,270
12:15,7a3b6d51967e509aa310dc9ecfce3ff5,shared_whole_day,report_ending_in_no_reply,redundant,,270
12:45,9afc74e851b755e8916292b449a12f12,shared_whole_day,report_ending_in_no_reply,redundant,,270
13:15,e57b12bd27846620be1d64f9744c4bdb,shared_whole_day,report_ending_in_no_reply,redundant,,270
13:45,279fa8771dab7c6199796b4666660dc5,shared_whole_day,report_ending_in_no_reply,redundant,,270
14:15,cb526e6b83f1af597ecd206cfed86a07,shared_restarted,message,redundant,,270
14:45,b983fed2edbc2fe12dc71af3b0387ee0,shared_restarted,silent,correct_silence,,270
15:15,b7ea2c029f922e8e2dd2440b71504386,shared_restarted,silent,correct_silence,,270
15:45,7fa0072d0952207a0d2e1af7901df728,own_session,silent,correct_silence,,270
16:15,5abcc921165564ae8e9571843a811544,own_session,message,somewhat_useful,,270
16:45,6ba8b5e454a013c2af855321fe70c00a,own_session,message,redundant,,270
17:15,9a0cadccef9a6be65a578a5f68e3cbba,own_session,message,redundant,,270
17:45,98b7a1fb3c3bf0aa2fda6b16abf70770,own_session,message,redundant,,270
18:15,e00baed91937be04c435787ac623fc36,own_session,message,redundant,,270
18:45,be282507618890bdda1d2e0bfd2ef763,own_session,message,somewhat_useful,,270
19:15,0d845e824a636a3d39ffc6fc1d0976dd,own_session,report_ending_in_no_reply,somewhat_useful,,270
19:45,27ef2e44dca6b0bdc97ec264c54375a1,own_session,message,redundant,,270
20:20,294bb8a3bd1aa8a4781743d81f7165b4,own_session,message,somewhat_useful,,270
20:45,b1c56b2ebf8d785ff80e37ec81f7bb8c,own_session,report_ending_in_no_reply,redundant,,270
21:15,046d1e0209511b1d140e263226ba9077,isolation_and_wording,silent,correct_silence,,270
21:45,1204ed1a27ad3411e548dda18c93229c,isolation_and_wording,silent,correct_silence,,270
22:15,b9d1bd0f3eb97ddfd310a6a84f010745,isolation_and_wording,silent,correct_silence,,270
22:45,52080b4e82c63540a91134f372657ab3,isolation_and_wording,silent,missed,,270
23:45,6194661251658f553d1c961be9db890b,isolation_and_wording,message,somewhat_useful,,270
00:15,b0f648ab4d1d9a1910d75fdabdacebc0,isolation_wording_fresh_lookup,message,redundant,,270
00:45,d6039012d08afec943e3768a13b42b01,isolation_wording_fresh_lookup,message,redundant,,270
